USER_NAME,AGE,HEIGHT,GENDER,SALES_AMOUNT,LAST_PURCHASE_DATE
mumpyphilip,23,179,Female,3822,2009T03:01:52
elliotlone,61,150,Female,1200,2018-113T12:46:40
epidermiswander,63,140,Female,1402,2018-12-23T06:32:18
sconecrush,61,192,Male,3999,2020-07-06T21:09:18
overlookedtableful,20,150,Male,2217,2018-08-06T04:48:58
measurementjovial,56,189,Male,1767,2020-02-29T19:15:24
repeatbanjo,44,185,Female,4760,2019-12-29T03:37:23
billickinlividly,28,144,Female,2592,2019-10-12T17:19:43
morkdrafter,32,134,Female,2922,2018-07-31T18:49:09
closetforelimb,48,153,Male,1247,2018-08-10T16:16:58
,47,188,Male,3641,2019-07-28T08:19:41
hadleyindigo,54,144,Male,2417,2019-07-15T07:39:34
grillbellington,40,155,Male,499,2020-02-29T12:00:06
previewmoyai,26,156,Male,4681,2019-06-16T16:45:10
synapsehide,18,182,Male,2345,2018-10-06T02:31:48
fettcheatures,24,159,Male,4991,2018-09-02T20:02:26
shortagebagpipe,49,143,Male,1312,2018-12-22T17:56:08
compostdisposal,64,141,Male,1523,2020-03-04T21:18:35
grinsmash,45,146,Male,3647,2020-04-21T07:17:21
matchbentley,27,134,Male,4115,2020-04-05T23:16:25
princemaker,48,174,Male,528,2019-06-13T11:07:01
apneaboasting,18,186,Male,4434,2020-06-12T18:20:24
sealheight,63,140,Female,1961,2020-03-29T17:04:23
rugbypace,27,162,Female,4068,2018-12-29T02:38:53
wilsonstrainer,63,160,Female,847,2019-04-26T09:00:43
nipzigzagged,26,166,Male,2981,2019-01-31T05:51:51
syllablesauriga,53,180,Male,3703,2019-10-25T14:11:50
finalistlepe,29,198,Male,1729,2018-09-21T08:06:51
fencehamara,29,154,Male,2773,2019-04-27T19:59:13
converseplutonium,19,157,Male,3774,2019-05-07T23:44:42
engorgefusion,20,149,Male,3192,2019-07-09T08:35:22
badalhippo,48,180,Male,3110,2020-02-07T18:39:40
sassyconspiracy,18,163,Male,3938,2020-03-15T15:11:15
capesdraught,27,170,Male,2666,2018-09-14T13:16:32
submergelaces,65,188,Male,3591,2019-06-28T13:27:52
erichtcroxdale,52,179,Male,1934,2018-08-01T05:49:29
stemgame,57,164,Male,894,2019-02-24T01:22:00
gildcish,49,186,Male,2681,2019-06-23T12:10:57
unusablelink,51,171,Male,4792,2019-07-23T10:01:37
swainsonallen,39,166,Male,2074,2019-07-11T23:33:57
sprungdeneb,48,189,Male,504,2020-03-21T11:38:58
tartewinston,55,196,Male,2276,2018-08-10T10:49:28
witchslaldy,47,176,Female,4926,2020-03-05T19:10:10
evacuationheap,56,167,Female,3518,2020-01-24T00:49:16
defendantyellowknife,39,136,Female,1294,2020-03-17T05:37:26
slippoles,52,167,Male,3815,2018-10-19T20:15:09
paddedbulk,36,163,Male,4994,2019-03-14T09:02:16
selectionmushrooms,32,189,Male,3186,2020-04-25T05:58:50
metatarsalremarkable,36,197,Male,1152,2019-07-18T00:04:51
triflingband,23,198,Male,3775,2019-08-05T02:43:11
skagitnew,57,187,Female,1132,2019-07-22T15:31:22
stubbornadaptable,30,148,Female,3285,2019-03-04T15:19:46
tortellinicrewmember,33,168,Female,2154,2019-08-15T11:06:40
paintdish,65,191,Male,562,2018-12-17T20:11:06
wootsemacs,57,133,Male,2935,2020-01-13T03:00:04
quaffclone,53,148,Male,1154,2020-02-15T04:39:50
brantfordlazily,65,166,Male,4884,2019-07-02T14:34:16
designatemode,28,190,Female,2617,2020-05-17T00:13:51
cosecbasketball,38,189,Female,3377,2018-07-31T02:42:28
hatchmagnet,34,195,Female,4780,2019-12-01T08:28:19
dittyflurger,60,195,Female,3526,2019-01-09T04:01:10
makeshiftabsolute,33,153,Female,2747,2020-05-15T11:42:43
elaborategeezer,59,179,Female,1457,2019-11-28T02:35:10
alludewhey,56,165,Male,2934,2018-12-19T19:20:35
venusyen,34,168,Male,2926,2019-02-12T10:44:17
survivingchips,58,140,Male,3361,2019-09-02T15:32:03
conditionsicko,47,134,Male,404,2019-10-21T01:04:25
poultryfeasibly,51,147,Male,4772,2019-05-24T00:01:31
slieldszoology,54,178,Male,4348,2019-06-07T10:43:43
bladnochsubway,50,183,Male,3947,2020-02-05T06:55:11
coughnutrient,34,200,Male,4610,2019-01-29T07:51:47
tuckersperman,50,179,Male,2673,2018-09-08T06:23:39
dinnerwaves,60,149,Male,2035,2019-07-30T12:19:46
shalesupervisor,54,140,Male,3293,2019-03-13T08:50:12
rancidityhardpan,31,157,Male,2290,2020-04-09T17:28:59
soufflehydrus,23,148,Female,2943,2018-09-05T02:05:35
frurtainscartier,49,193,Female,2581,2020-03-10T04:27:19
playerbiking,28,188,Female,3476,2019-03-30T06:43:03
crankmaker,21,164,Male,2604,2020-05-12T01:09:58
mustersalute,58,175,Male,1849,2019-01-11T03:40:04
nervehit,36,153,Male,1931,2020-05-04T06:40:07
stemnorthumberland,20,177,Male,3906,2018-11-07T14:42:34
litigatormolecular,31,171,Male,2546,2020-04-01T10:56:37
pricerupert,53,185,Male,2103,2018-08-24T11:59:06
staddleembellish,46,148,Male,1602,2019-10-31T02:18:11
leverscraven,33,165,Male,4421,2019-05-25T16:30:18
ruscleslumberjack,56,150,Male,1317,2020-02-27T18:19:55
hawkinsplunder,19,151,Female,3955,2019-11-19T10:37:57
whickersequence,44,157,Female,4693,2019-07-22T06:49:11
covenantivy,26,139,Female,3287,2020-07-22T09:33:21
unkindfielder,58,193,Male,1636,2020-07-12T23:46:28
cheaturespromotion,36,168,Male,4722,2020-04-05T13:37:12
cyclebright,27,182,Male,796,2019-01-30T12:06:23
pretensecircular,50,180,Male,1370,2020-02-06T13:55:42
unfazedheaky,25,161,Male,4951,2019-05-23T20:16:19
macesnisps,25,136,Male,1269,2019-05-20T09:59:22
postaloe,20,144,Male,725,2019-09-22T21:56:26
victorywire,54,151,Male,3779,2019-09-06T11:11:51
plutoniumbooty,38,152,Male,1510,2018-09-18T01:56:16
unfreezepastel,33,162,Male,1687,2019-10-17T03:31:27
canaltonto,43,179,Male,1060,2018-11-27T05:27:27
sledcrazy,35,150,Male,4099,2020-07-20T17:11:16
sartorialsubclass,20,140,Male,2383,2018-08-14T02:14:14
cheeksterhat,36,192,Female,357,2019-10-05T15:25:25
ahoyepic,27,150,Female,3953,2019-04-04T05:04:30
humblymimosa,47,189,Female,2538,2018-08-22T05:42:45
farleyprovoke,42,185,Male,1526,2019-02-22T16:06:09
waspsmelting,29,144,Male,1077,2019-04-05T05:06:29
twilightoily,65,134,Male,4692,2019-03-17T12:27:57
kiwipocahontas,31,153,Male,3857,2020-04-11T08:20:35
fabulousshimmy,44,188,Male,3631,2020-05-15T16:12:00
shutsecluding,22,144,Male,1484,2019-02-04T22:06:39
caviarstupid,36,155,Male,2354,2020-07-02T13:55:04
twinsmeasles,22,156,Male,4535,2019-07-05T14:37:18
impolitephoto,23,182,Male,3147,2019-11-01T21:58:16
couplevirus,57,159,Male,3021,2018-10-29T09:45:01
wispyslaw,64,143,Female,4214,2020-01-14T12:57:28
zeppelinperfume,20,141,Female,2682,2019-01-18T08:53:50
sweetcornskew,37,146,Female,2462,2020-02-06T21:44:00
copiousdorado,43,134,Male,1384,2019-09-14T21:21:18
spogmothball,48,174,Male,3036,2020-07-26T17:36:11
booleanfund,30,186,Male,825,2020-01-20T21:59:36
routinedrouse,58,140,Male,4766,2020-01-07T08:26:58
fitskettle,38,162,Female,1426,2018-07-31T01:35:09
blendercelestial,25,160,Female,3248,2019-10-11T21:46:20
covermental,19,166,Female,2836,2019-04-18T05:27:55
chiefrunning,37,180,Female,2698,2019-10-05T00:48:47
hungarianconwy,33,198,Male,2416,2018-08-18T10:27:52
unicyclistbent,18,154,Male,2639,2018-09-21T11:40:38
syndromemanned,18,157,Male,730,2020-05-01T07:47:39
stumbleuponlance,28,149,Male,1826,2020-07-24T20:24:05
algebraotherwise,55,180,Female,2048,2019-03-17T01:46:59
disruptunusual,34,163,Female,1511,2019-10-12T04:02:48
thottagecoexist,25,170,Female,1704,2019-11-10T14:05:38
boffeeallen,18,188,Female,750,2019-10-11T23:06:58
zoologypreachy,26,179,Female,4695,2018-11-24T00:48:45
kindlyopposite,23,164,Male,1721,2019-09-02T19:09:18
livelyisland,64,186,Male,837,2018-11-23T19:29:50
golfblueberries,55,171,Male,1946,2019-04-25T14:18:40
blandcross,38,166,Male,3560,2018-12-08T22:36:17
envelopeaging,31,189,Male,3498,2019-01-24T12:19:27
confitgroom,32,196,Male,4717,2019-05-29T12:12:53
slammingdown,57,176,Male,2659,2020-01-08T09:17:05
buddygrotesque,62,167,Male,3803,2020-03-30T15:08:50
imaginationuprising,34,136,Male,1119,2019-02-18T06:04:51
handworkmolly,20,167,Female,2599,2019-04-27T21:41:44
erraticouch,37,163,Female,1648,2020-04-05T05:32:21
salemdingo,30,189,Female,3034,2018-08-10T14:42:14
freckleslicense,60,197,Male,2630,2019-05-22T07:55:15
stableannie,55,198,Male,4907,2020-05-22T23:04:39
magnificent,44,187,Male,1413,2019-09-15T23:34:19
scintillating,60,148,Female,415,2020-06-18T19:57:54
downtown,25,168,Female,4996,2019-01-20T11:50:21
peaceful,46,191,Female,3838,2018-12-12T23:32:35
spiffy,30,133,Male,1481,2020-07-21T09:39:09
delightful,18,148,Male,1928,2020-06-23T12:51:39
enchanting,58,166,Male,1380,2020-06-03T00:48:22
unfasten,44,190,Female,4157,2020-07-07T21:59:33
bawdy,34,189,Female,462,2020-03-27T15:53:33
actually,33,195,Female,3683,2019-02-03T20:37:21
noiseless,32,195,Male,3175,2019-03-24T00:42:20
nine,27,153,Male,566,2019-08-24T00:05:39
modern,34,179,Male,2198,2018-08-21T01:52:19
truck,63,165,Male,3681,2019-07-26T08:27:39
embarrassed,19,168,Male,2062,2019-08-26T06:46:52
distribution,51,140,Male,1760,2019-06-20T23:36:50
parcel,40,134,Male,1680,2018-10-31T21:30:35
rail,36,147,Male,662,2019-03-17T03:50:32
divide,28,178,Male,3520,2019-02-10T06:51:33
island,47,183,Male,2653,2019-06-11T19:51:33
lively,49,200,Male,2545,2018-12-16T22:49:25
truculent,40,179,Male,1516,2019-07-18T19:56:36
verse,29,149,Male,1144,2019-10-11T02:26:12
used,59,140,Male,749,2020-04-05T17:41:49
songs,59,157,Male,677,2020-05-21T12:15:43
juice,51,148,Male,4889,2020-06-27T15:48:15
harm,59,193,Male,4019,2020-06-16T02:08:50
linen,63,188,Male,1522,2020-04-13T04:15:30
wrist,48,164,Male,1525,2018-08-28T06:16:17
playground,52,175,Female,2583,2019-05-29T16:52:00
moldy,45,153,Female,770,2020-03-03T04:07:01
smell,30,177,Female,667,2019-10-16T15:47:16
spurious,35,171,Male,2089,2019-01-25T06:27:17
dirt,20,185,Female,3357,2019-02-20T17:00:58
face,23,148,Female,2637,2018-09-28T05:52:00
behavior,51,165,Male,2791,2019-10-23T19:45:29
reading,53,150,Male,3632,2019-01-16T18:53:03
insect,22,151,Male,2920,2019-09-03T15:35:24
aboriginal,52,157,Male,4747,2020-02-05T17:44:54
cross,18,139,Male,3550,2019-08-31T23:26:44
silver,32,193,Female,823,2019-05-27T20:08:49
tiresome,41,168,Female,2016,2018-09-09T05:55:23
male,27,182,Female,642,2019-07-06T23:05:37
equable,22,180,Female,979,2019-07-10T20:46:56
matter,64,161,Female,4225,2019-03-30T09:57:39
deadpan,20,136,Female,3228,2019-11-23T17:38:37
pricey,25,144,Male,4554,2019-04-23T10:52:35
queue,34,151,Female,369,2019-04-07T20:19:49
badge,26,152,Female,2192,2020-03-01T02:28:32
overflow,29,162,Male,560,2020-06-14T12:21:08
kick,18,179,Male,1791,2018-10-24T05:52:28
stain,43,150,Female,3001,2020-04-19T12:17:16
reproduce,60,140,Male,1088,2018-09-18T04:56:56
whistle,53,192,Female,3801,2018-12-09T03:03:53
tempt,40,150,Female,3972,2018-08-24T01:31:42
seemly,46,189,Female,3213,2019-08-04T13:19:09
frantic,20,185,Male,561,2020-07-12T02:37:03
hour,59,144,Female,1539,2020-01-21T08:56:01
pretty,23,134,Female,632,2020-07-25T23:51:32
far,30,153,Male,1472,2019-11-19T23:15:29
flavor,25,188,Male,3680,2019-12-19T11:05:34
various,26,144,Male,1672,2020-02-16T17:40:13
jar,53,155,Male,1401,2020-06-16T01:42:26
flower,19,156,Male,744,2020-03-19T19:47:15
pumped,48,182,Male,4854,2019-01-06T00:05:54
useless,51,159,Female,1107,2018-08-31T09:52:24
ill-informed,24,143,Female,2113,2019-04-15T18:29:20
frog,54,141,Female,2764,2018-09-30T16:31:16
lighten,26,146,Male,3477,2019-04-16T03:27:37
intelligent,54,134,Female,3924,2019-05-25T02:33:22
obsolete,47,174,Female,4570,2019-01-02T11:31:10
injure,20,186,Male,2708,2020-03-15T02:16:40
hulking,25,140,Male,308,2019-02-18T08:30:29
excited,57,162,Male,4723,2019-01-27T05:26:44
cheer,43,160,Male,354,2019-01-18T08:58:03
tie,40,166,Male,4699,2019-08-08T17:13:50
instruct,19,180,Male,4787,2019-12-01T19:10:53
pin,37,198,Female,1041,2018-07-29T07:16:29
breakable,32,154,Female,4123,2020-05-25T00:19:31
efficacious,22,157,Female,3758,2020-04-05T20:10:15
repeat,23,149,Male,1628,2020-02-28T19:52:20
spoon,41,180,Female,4845,2019-02-25T14:10:17
file,42,163,Female,1021,2020-07-10T06:05:52
vein,56,170,Male,3596,2019-07-17T00:07:17
jealous,22,188,Male,3132,2019-03-05T21:49:58
swim,27,179,Male,412,2019-01-28T17:37:33
hammer,24,164,Female,2513,2018-09-06T20:06:38
obsequious,58,186,Female,3701,2018-10-11T01:35:36
death,59,171,Female,601,2020-06-29T20:13:10
achiever,36,166,Male,3206,2020-01-29T01:20:09
cactus,23,189,Female,524,2019-06-01T12:34:15
passenger,42,196,Female,3466,2019-09-17T03:50:46
old,56,176,Male,3316,2018-09-06T00:20:55
retire,62,167,Male,3741,2020-01-28T15:18:51
squeal,26,136,Male,2428,2019-06-24T08:15:18
beautiful,38,167,Female,1230,2020-07-04T23:14:35
rose,35,163,Female,719,2019-07-05T01:06:12
wash,33,189,Female,2613,2019-08-23T20:01:53
disapprove,56,197,Male,4671,2020-02-01T13:16:50
price,36,198,Female,1743,2019-01-26T13:17:58
chivalrous,21,187,Female,554,2018-11-30T22:46:01
acoustics,42,148,Female,2070,2019-12-06T19:11:47
cup,61,168,Female,768,2018-10-06T16:58:39
raspy,50,191,Female,330,2019-10-04T21:58:44
wanting,45,133,Male,3636,2020-01-14T02:21:15
substance,35,148,Female,3273,2020-07-22T22:00:42
four,18,166,Female,4357,2018-12-10T00:52:46
order,65,190,Male,4913,2019-01-15T13:33:54
examine,60,189,Male,2840,2019-09-16T04:01:32
scary,51,195,Male,3125,2020-07-20T09:21:20
thumb,53,195,Male,1894,2019-01-19T07:00:25
connection,65,153,Male,2820,2019-12-04T21:25:00
uncle,60,179,Male,2609,2020-07-18T18:59:57
rescue,52,165,Female,3049,2019-08-22T17:56:26
knowledgeable,61,168,Female,4030,2019-10-11T09:30:51
longing,61,140,Female,4410,2019-02-13T22:39:17
plant,48,134,Male,4725,2019-09-20T18:36:45
collect,47,147,Female,4112,2019-09-18T15:41:50
vivacious,56,178,Female,1353,2019-06-15T05:34:21
shoes,55,183,Male,741,2019-02-03T09:39:58
smart,56,200,Male,3688,2019-03-07T02:18:39
offbeat,43,179,Female,3604,2019-07-23T22:06:04
scandalous,45,149,Female,3441,2019-11-22T01:05:36
suffer,29,140,Female,2796,2019-12-25T01:35:17
premium,51,157,Male,4835,2018-08-01T09:09:06
decay,42,148,Female,3541,2019-05-31T20:48:55
release,61,193,Female,2936,2020-06-24T05:20:53
spot,21,188,Female,3653,2020-06-17T05:10:47
amazing,28,164,Male,2195,2020-07-02T04:52:33
adThoc,19,175,Female,3084,2019-05-21T20:25:03
wheel,57,153,Female,2225,2019-10-09T08:05:47
shaky,37,177,Female,2197,2019-08-29T10:21:03
malicious,62,171,Female,4896,2019-05-24T00:21:43
solid,22,185,Female,4532,2020-04-22T22:41:14
bedroom,32,148,Male,1251,2019-11-01T12:05:20
develop,57,165,Female,2511,2019-05-22T10:49:06
demonic,55,150,Female,675,2019-05-01T07:55:45
repulsive,43,151,Male,1375,2019-11-06T01:04:09
elated,62,157,Male,1102,2019-04-27T04:24:49
moon,30,139,Male,2728,2020-05-07T15:24:33
happen,20,193,Male,1290,2019-05-29T00:19:41
disillusioned,58,168,Female,3452,2020-06-19T04:36:54
license,45,182,Male,443,2020-05-28T12:32:10
lowly,34,180,Female,3360,2020-01-21T05:22:48
flesh,52,161,Female,3814,2020-05-15T14:21:14
dreary,45,136,Female,704,2020-03-04T23:16:07
grape,30,144,Female,4571,2020-02-18T08:46:47
scarce,21,151,Female,4366,2019-11-24T14:07:30
sand,40,152,Male,927,2019-04-28T08:37:17
relation,44,162,Female,4761,2019-05-01T07:59:31
mine,45,179,Female,3732,2018-10-28T13:07:23
watch,57,150,Male,1296,2019-08-18T02:12:10
drum,46,140,Male,2629,2019-11-09T22:34:06
view,18,192,Female,3625,2018-12-27T09:02:45
example,57,150,Male,1996,2019-09-18T08:05:55
vast,50,189,Female,1347,2019-03-07T21:42:27
jolly,19,185,Female,510,2019-12-20T15:35:06
boot,29,144,Female,813,2020-05-09T02:07:13
earthquake,39,134,Female,2584,2018-09-02T03:48:10
instrument,26,153,Female,1582,2019-08-19T09:02:39
frail,55,188,Male,715,2018-08-07T17:13:45
multiply,22,144,Female,1229,2020-02-02T03:52:15
handle,31,155,Female,3920,2020-04-26T11:42:31
honey,50,156,Male,1832,2019-11-17T05:21:44
adamant,39,182,Male,2212,2018-10-11T06:43:02
ahead,55,159,Female,953,2019-06-18T00:23:53
gifted,46,143,Male,4790,2019-10-29T01:16:37
wipe,54,141,Female,3051,2020-07-05T16:41:14
hushed,54,146,Female,2049,2019-05-17T09:42:26
tent,59,134,Female,742,2019-08-28T17:13:32
field,65,174,Female,4614,2020-07-17T21:27:40
provide,28,186,Female,1915,2019-04-07T05:57:26
government,53,140,Male,3546,2020-05-14T22:41:48
gigantic,24,162,Female,2883,2019-11-21T11:38:10
pencil,31,160,Female,879,2019-08-02T08:09:14
evanescent,27,166,Male,728,2018-09-24T09:05:56
thin,35,180,Male,1779,2019-04-14T18:15:39
obscene,47,198,Female,4513,2020-04-22T00:52:13
ill-fated,34,154,Male,2905,2018-10-29T17:33:17
market,54,157,Female,4509,2019-07-10T19:53:55
escape,58,149,Female,3615,2019-11-17T01:44:23
company,24,180,Female,3340,2019-08-18T07:31:36
outstanding,33,163,Female,1411,2019-12-27T17:14:18
play,37,170,Female,4939,2019-09-19T00:13:51
announce,51,188,Male,997,2019-07-02T21:21:38
detailed,49,179,Female,4566,2019-04-06T02:34:47
frightened,65,164,Female,4770,2019-05-25T11:09:53
boundless,34,186,Male,2017,2019-09-21T07:10:57
infamous,55,171,Male,4467,2019-03-29T13:45:01
disturbed,60,166,Female,3951,2018-09-08T01:20:53
school,64,189,Male,3773,2019-07-29T15:02:43
squirrel,20,196,Female,1437,2020-01-14T03:34:32
aware,41,176,Female,4565,2019-01-18T21:04:35
vague,62,167,Female,4385,2020-02-14T15:46:43
cloudy,25,136,Female,2207,2018-12-26T18:41:38
massive,49,167,Female,3582,2019-01-07T11:28:11
friend,54,163,Male,1104,2019-06-23T10:58:58
numerous,53,189,Female,2930,2019-06-16T03:31:02
boil,36,197,Female,351,2018-10-29T08:21:35
idiotic,40,198,Male,3304,2020-05-09T01:16:36
vest,40,187,Male,2735,2018-10-30T11:50:25
lyrical,34,148,Female,302,2019-06-26T12:08:56
subdued,19,168,Male,3144,2019-12-27T06:53:57
scale,26,191,Female,4459,2018-09-11T15:43:16
concern,26,133,Female,4363,2018-09-30T06:51:57
accept,53,148,Female,4362,2019-07-19T20:48:10
psychedelic,29,166,Female,4395,2020-06-03T06:57:22
efficient,44,190,Female,1432,2019-08-26T23:27:59
quartz,59,189,Male,2975,2020-05-09T07:14:57
tip,18,195,Female,4177,2020-06-08T00:19:46
belief,20,195,Female,3899,2020-02-16T16:01:58
possessive,18,153,Male,3907,2020-05-29T08:40:23
eggs,46,179,Female,1056,2019-12-09T16:06:50
handy,53,165,Male,4062,2018-09-28T03:05:25
cure,24,168,Female,1873,2019-05-30T00:41:49
jellyfish,23,140,Female,930,2020-07-05T18:52:47
medical,29,134,Female,4034,2018-08-07T16:25:41
profuse,30,147,Female,4750,2019-04-15T04:38:39
brake,23,178,Female,4386,2019-05-27T19:15:29
admit,47,183,Male,3129,2018-08-03T18:49:35
zebra,32,200,Female,1287,2019-07-20T01:41:45
snobbish,52,179,Female,3373,2019-05-19T23:37:31
light,18,149,Male,809,2019-02-25T23:59:11
grab,31,140,Female,2026,2020-03-16T12:27:38
dashing,30,157,Male,3868,2020-05-14T02:46:35
oceanic,62,148,Female,3686,2018-11-06T23:08:36
delicate,54,193,Female,4685,2018-12-28T09:32:17
unbiased,19,188,Female,3096,2019-06-16T10:30:24
wax,38,164,Female,998,2020-04-21T05:07:32
title,31,175,Female,4507,2019-04-27T08:43:36
polish,19,153,Male,2616,2018-08-12T19:31:27
profit,41,177,Female,2254,2019-10-18T02:53:43
tenuous,40,171,Female,2685,2020-01-12T11:55:58
wealth,51,185,Male,4473,2019-02-05T23:11:34
poke,40,148,Male,1574,2018-10-22T20:38:36
chicken,36,165,Male,4010,2019-09-22T19:22:52
yarn,56,150,Male,1980,2019-06-06T05:41:16
purpose,63,151,Male,910,2018-09-29T18:51:04
elfin,33,157,Female,1324,2019-06-01T15:50:06
thick,21,139,Male,612,2019-12-26T07:00:24
recess,39,193,Female,3243,2020-01-10T14:52:41
experience,33,168,Female,4627,2019-01-18T22:41:14
debonair,41,182,Female,3665,2019-11-01T03:15:26
spiky,21,180,Female,2937,2020-02-09T20:57:38
replace,27,161,Female,932,2019-10-14T02:47:36
tricky,60,136,Male,4779,2019-10-10T14:12:29
street,65,144,Female,1621,2020-02-21T02:49:04
ratty,53,151,Female,4211,2020-07-19T11:33:27
eager,24,152,Male,4333,2020-01-06T21:56:21
heady,55,162,Male,3595,2020-03-21T02:52:24
laughable,31,179,Male,4408,2019-09-30T11:37:04
noise,58,150,Male,820,2020-04-21T16:35:56
tooth,28,140,Male,688,2019-05-19T17:56:57
beneficial,30,192,Female,2614,2019-05-10T15:31:49
humor,50,150,Male,3029,2019-04-03T07:52:54
assorted,57,189,Female,331,2019-06-23T00:40:25
calendar,46,185,Female,3224,2018-12-18T15:57:41
iron,45,144,Female,2557,2018-09-01T01:49:53
pedal,39,134,Female,1018,2020-06-20T00:01:26
wild,56,153,Female,567,2020-03-25T13:59:33
umbrella,43,188,Male,3919,2020-04-26T06:57:10
porter,32,144,Female,4007,2019-02-15T09:51:49
shape,25,155,Female,3853,2020-07-02T17:43:50
unique,58,156,Female,1361,2020-07-22T13:12:50
basketball,36,182,Male,3172,2020-03-06T17:31:41
trouble,20,159,Female,2803,2020-01-05T19:40:46
rings,45,143,Female,4308,2019-12-28T00:31:31
prick,36,141,Female,3923,2018-12-13T02:37:04
carpenter,25,146,Female,4832,2019-08-07T08:33:31
turn,64,134,Female,1126,2019-08-03T22:12:13
bleach,62,174,Male,2248,2018-12-11T14:55:55
evasive,26,186,Female,4352,2019-12-19T00:03:25
sniff,60,140,Female,1046,2019-09-26T16:37:07
fowl,58,162,Male,3925,2019-06-14T07:01:45
five,24,160,Male,1468,2019-04-10T20:18:07
books,18,166,Female,1623,2018-12-17T05:47:31
snakes,61,180,Male,2370,2020-05-29T07:22:55
weather,49,198,Female,418,2018-08-28T10:51:48
zoo,47,154,Female,1536,2019-11-29T07:41:46
bridge,46,157,Female,4056,2019-02-08T14:57:09
lethal,34,149,Female,1439,2019-12-17T16:19:28
spectacular,24,180,Female,1528,2019-04-25T07:59:24
cent,37,163,Male,3505,2020-02-27T15:24:16
chin,22,170,Female,4442,2018-12-22T12:36:13
probable,64,188,Female,3782,2020-03-25T09:41:33
cover,54,179,Male,1799,2019-12-25T02:26:43
alike,46,164,Female,624,2020-04-03T23:21:11
faint,58,186,Male,4543,2019-06-14T03:47:43
doubt,42,171,Female,2760,2019-03-09T07:31:24
sock,28,166,Female,2100,2019-06-01T20:08:53
arrange,53,189,Female,4775,2019-03-06T20:26:44
letters,63,196,Female,2340,2020-02-08T04:08:37
instinctive,33,176,Female,3864,2020-05-24T12:35:19
growth,59,167,Male,2643,2019-05-20T20:04:46
suspend,18,136,Female,2008,2018-09-11T16:49:37
bump,37,167,Female,858,2019-10-01T17:28:58
flight,26,163,Male,3743,2019-10-22T11:48:48
festive,24,189,Male,2418,2020-02-29T19:53:52
ludicrous,27,197,Male,3262,2019-09-17T01:54:01
stove,45,198,Male,1624,2020-07-20T11:33:53
mindless,47,187,Male,483,2020-06-16T10:35:38
sharp,35,148,Female,413,2018-08-17T19:41:29
industry,18,168,Male,4516,2019-04-11T13:57:50
competition,53,191,Female,1049,2020-04-20T10:29:34
work,56,133,Female,2117,2020-06-20T12:41:05
kill,59,148,Female,786,2019-10-30T23:32:33
pastoral,47,166,Female,4831,2020-05-18T06:40:15
vase,26,190,Female,949,2019-02-13T09:47:53
consider,50,189,Male,1856,2019-04-17T15:33:58
top,65,195,Female,1593,2018-12-17T08:50:37
loutish,46,195,Female,904,2019-11-18T18:50:53
hook,46,153,Male,3720,2018-12-14T21:49:23
jittery,27,179,Male,4672,2019-04-16T23:13:10
fetch,60,165,Male,1540,2018-11-09T07:37:43
teeth,26,168,Male,4617,2018-11-28T03:50:36
steer,59,140,Male,797,2019-03-03T09:12:06
racial,40,134,Male,1530,2019-05-26T07:19:09
feeble,18,147,Male,4756,2018-11-09T08:18:35
charge,19,178,Male,4139,2019-06-11T03:37:45
scribble,41,183,Female,4300,2020-06-16T02:55:44
defeated,20,200,Male,4220,2019-09-27T19:40:30
save,46,179,Female,3097,2018-09-16T15:33:51
sweater,52,149,Female,4383,2018-11-30T05:14:50
vacation,52,140,Female,3504,2020-01-17T07:05:27
bottle,29,157,Female,743,2018-08-20T05:39:21
tasty,24,148,Female,2262,2019-11-27T23:59:01
bent,25,193,Male,2802,2018-09-19T17:49:13
wool,51,188,Female,3543,2018-10-23T10:10:28
sparkling,19,164,Female,1537,2020-06-15T21:38:18
comparison,44,175,Male,880,2020-04-13T16:07:03
stuff,21,153,Female,1423,2018-11-29T11:20:21
bite-sized,35,177,Male,2913,2018-12-25T11:32:02
faithful,36,171,Female,3744,2020-06-08T13:49:26
tongue,33,185,Female,4598,2018-10-19T09:19:40
mitten,23,148,Female,3598,2020-01-23T20:36:32
substantial,29,165,Female,3209,2019-06-28T13:58:00
canvas,29,150,Female,4170,2020-01-26T05:35:30
structure,36,151,Male,4752,2020-06-17T22:38:48
shrug,42,157,Female,1415,2019-11-11T19:45:56
uninterested,34,139,Female,4072,2018-08-08T10:11:01
weigh,65,193,Male,4650,2019-04-04T22:20:01
drag,25,168,Female,3960,2020-04-29T16:07:04
available,34,182,Male,1807,2019-01-13T02:14:37
embarrass,18,180,Female,4612,2020-05-10T14:28:32
cuddly,41,161,Female,2209,2019-11-11T23:10:18
icky,58,136,Female,3792,2020-05-28T10:16:26
shop,57,144,Female,1920,2019-02-05T07:30:16
note,49,151,Female,2860,2019-08-18T05:19:42
measure,51,152,Male,2365,2020-07-04T12:28:42
future,40,162,Female,511,2020-04-13T17:17:23
burn,30,179,Female,372,2019-02-05T23:00:39
spare,52,150,Male,4319,2019-08-19T08:37:23
didactic,46,140,Male,555,2020-01-06T16:04:52
young,49,192,Male,3830,2019-07-24T15:21:48
innate,55,150,Female,3108,2018-12-21T09:49:14
berry,52,189,Male,2971,2019-01-15T01:26:30
refuse,21,185,Female,533,2020-07-24T15:20:17
fang,30,144,Female,4707,2019-06-12T19:35:20
shiver,46,134,Female,1957,2020-01-18T04:57:20
credit,55,153,Female,1922,2019-02-20T13:25:05
black,61,188,Female,3490,2018-08-24T23:18:36
tearful,28,144,Male,2769,2020-02-03T04:45:55
cowardly,24,155,Female,1047,2019-10-12T15:50:40
shallow,62,156,Female,2427,2019-01-13T00:11:07
fixed,21,182,Male,3185,2019-09-27T01:07:59
rake,19,159,Male,3751,2020-02-03T10:18:56
worthless,50,143,Female,4020,2019-10-19T23:20:31
icy,43,141,Male,1106,2020-04-13T00:17:40
ray,63,146,Female,2700,2019-10-20T15:10:19
mask,49,134,Female,409,2018-08-31T07:38:56
aquatic,27,174,Female,4603,2019-01-11T20:03:08
sip,54,186,Female,4923,2020-03-01T16:11:06
flimsy,56,140,Female,311,2019-04-11T05:35:24
puny,31,162,Male,1918,2020-02-14T17:01:23
deeply,61,160,Female,1175,2019-08-13T17:34:21
nut,25,166,Female,4288,2020-06-08T04:52:58
cow,64,180,Female,821,2020-06-06T22:40:12
cheap,36,198,Male,3190,2018-08-04T13:56:22
visit,44,154,Female,4659,2018-12-11T03:14:25
month,57,157,Female,1944,2018-09-14T22:48:31
squeeze,62,149,Female,1164,2019-09-06T02:37:46
pat,57,180,Female,313,2018-12-21T02:20:47
seal,35,163,Female,2064,2018-08-03T06:52:23
dull,61,170,Male,674,2020-02-22T07:52:57
strong,29,188,Female,3002,2020-06-15T15:37:34
potato,33,179,Female,3391,2020-07-10T01:54:34
decide,31,164,Male,1609,2018-08-07T19:18:25
drain,33,186,Male,4876,2018-12-09T02:52:35
room,23,171,Male,1042,2018-09-04T12:15:50
protest,53,166,Female,1228,2020-03-19T20:57:09
haunt,53,189,Male,4238,2018-08-21T23:44:53
crash,30,196,Female,4060,2020-06-23T21:37:25
push,56,176,Female,3297,2018-09-26T07:18:06
worm,23,167,Female,2801,2020-02-22T09:42:39
temporary,52,136,Female,468,2020-03-24T11:00:39
defective,56,167,Female,2147,2019-10-06T02:44:41
thoughtful,56,163,Male,4553,2020-02-22T10:03:31
imperfect,29,189,Female,1025,2019-02-07T03:52:25
wilderness,50,197,Female,1836,2020-07-03T16:42:17
undesirable,32,198,Male,3812,2018-10-11T11:42:06
soap,22,187,Male,1280,2019-02-26T04:55:22
inexpensive,43,148,Female,4740,2019-06-03T07:07:28
imagine,45,168,Male,3516,2019-05-09T13:12:16
coach,21,191,Female,1431,2019-08-15T03:42:34
productive,37,133,Female,2315,2020-05-29T14:03:02
average,51,148,Female,3337,2019-03-10T14:01:22
eminent,37,166,Female,3886,2019-03-03T16:15:57
notice,42,190,Female,4768,2020-01-09T07:02:21
enthusiastic,34,189,Male,3975,2018-09-10T00:12:08
royal,36,195,Female,1385,2019-08-28T07:13:22
internal,19,195,Female,4481,2019-05-12T18:15:12
bear,52,153,Male,1417,2019-10-14T16:13:09
trot,60,179,Male,3849,2018-12-16T14:15:01
bell,45,165,Female,1877,2019-09-04T11:07:33
puncture,54,168,Male,1561,2018-11-20T13:42:34
ajar,34,140,Female,3669,2020-03-20T22:28:45
arrive,19,134,Female,3676,2019-01-23T16:12:36
round,21,147,Female,3507,2019-07-23T22:43:36
steel,63,178,Female,1309,2020-03-30T08:49:39
paddle,49,183,Female,1350,2019-08-19T15:25:07
snatch,48,200,Male,4664,2020-05-03T00:51:01
separate,49,179,Female,4518,2018-09-07T21:54:25
expert,35,149,Female,2333,2019-07-21T09:32:03
stew,35,140,Male,1166,2019-01-25T13:51:44
aloof,44,157,Female,3200,2018-09-28T08:21:16
needle,58,148,Male,2482,2020-06-08T02:38:27
bad,31,193,Female,3299,2019-05-21T08:19:01
judge,64,188,Female,1165,2019-06-20T13:20:01
red,51,164,Female,900,2019-06-04T05:22:39
wacky,52,175,Female,4451,2018-11-09T02:50:36
ski,56,153,Female,1852,2019-02-05T00:19:06
crowded,60,177,Male,3188,2018-09-14T11:02:19
hair,24,171,Female,393,2019-05-10T12:54:23
guarded,45,185,Female,2993,2020-05-10T00:54:10
delicious,54,148,Female,2191,2019-01-12T09:18:43
concentrate,38,165,Male,1483,2020-07-17T05:38:53
literate,39,150,Female,4226,2018-09-30T23:31:42
wasteful,19,151,Female,389,2019-05-10T23:59:14
dusty,34,157,Female,4003,2020-05-22T00:43:36
shivering,61,139,Female,1114,2019-12-02T03:02:28
record,35,193,Female,1694,2019-10-31T17:31:53
irritate,22,168,Male,1588,2019-04-20T13:19:41
bumpy,39,182,Female,2204,2018-11-29T00:02:28
silky,53,180,Female,1274,2018-09-30T16:29:16
pass,33,161,Male,4850,2019-07-02T17:46:55
jump,62,136,Male,3617,2019-10-24T04:33:29
bashful,24,144,Female,1040,2019-03-27T12:59:51
quilt,43,151,Male,1232,2020-03-10T15:43:32
confuse,37,152,Female,1908,2018-11-06T14:46:52
loaf,55,162,Female,4097,2018-12-14T16:21:38
plough,33,179,Female,1993,2020-02-20T13:09:32
dazzling,41,150,Female,3052,2018-10-08T10:39:50
plate,55,140,Female,694,2018-11-07T23:53:12
hill,19,192,Male,4204,2020-06-13T16:39:45
regret,45,150,Female,1809,2019-04-12T14:51:20
deserted,29,189,Female,3755,2020-07-03T02:20:19
deranged,20,185,Female,2710,2019-06-15T20:05:31
hands,58,144,Male,4661,2019-01-03T07:24:59
found,28,134,Female,1803,2018-12-27T23:31:54
nasty,63,153,Female,1643,2019-01-18T02:26:03
unwritten,30,188,Female,3805,2019-09-24T21:30:35
overwrought,22,144,Female,1343,2019-09-18T17:51:35
volleyball,40,155,Female,4159,2019-04-30T17:40:47
decorous,18,156,Male,4149,2018-10-25T09:17:55
carriage,23,182,Female,4738,2019-04-12T05:23:20
absent,49,159,Male,4867,2018-08-23T17:22:50
rebel,34,143,Female,3231,2020-07-02T08:46:10
thirsty,19,141,Female,1787,2018-11-07T09:24:35
high-pitched,51,146,Female,2918,2019-03-23T01:09:58
end,32,134,Female,1819,2019-04-08T04:00:09
whisper,28,174,Female,957,2020-06-14T06:55:42
blow,37,186,Male,912,2018-08-14T17:15:41
overjoyed,41,140,Female,4676,2020-02-07T14:51:20
board,26,162,Female,3451,2019-07-03T21:56:07
tick,18,160,Female,422,2019-01-14T15:25:06
trashy,18,166,Male,793,2019-02-15T00:20:04
scattered,60,180,Female,2888,2019-11-30T01:52:55
fog,39,198,Female,4381,2020-06-05T14:04:42
degree,19,154,Female,2892,2018-09-13T19:48:01
selection,48,157,Female,1272,2019-01-15T04:44:05
long-term,45,149,Female,2573,2019-07-15T01:35:35
cloth,39,180,Male,4132,2018-11-23T19:13:07
hallowed,51,163,Female,2834,2020-02-26T09:32:50
ablaze,24,170,Female,2321,2020-03-26T05:44:20
zip,18,188,Female,2828,2019-05-02T20:36:06
dead,62,179,Male,4222,2020-07-18T03:08:08
punishment,26,164,Female,2013,2019-07-24T20:34:35
excuse,61,186,Female,2562,2020-02-20T09:42:18
untidy,19,171,Female,1122,2019-12-02T22:06:38
belong,52,166,Female,3303,2018-11-07T02:27:16
small,23,189,Female,3412,2019-09-22T03:51:56
bike,46,196,Male,615,2020-05-05T20:29:23
dislike,61,176,Female,4131,2019-08-25T18:28:46
double,60,167,Female,3043,2019-05-06T00:42:25
team,40,136,Female,4524,2019-07-22T05:48:00
obese,56,167,Female,569,2018-09-23T17:31:33
greasy,62,163,Female,377,2018-08-30T02:59:25
cold,41,189,Female,2468,2019-11-04T22:12:19
heap,48,197,Male,4347,2018-12-21T01:38:14
arrogant,41,198,Female,2363,2019-02-06T14:27:02
needy,43,187,Female,1701,2019-04-22T00:03:27
satisfy,21,148,Female,2006,2020-01-13T14:53:17
time,51,168,Female,1363,2018-10-25T17:56:25
rush,52,191,Female,2574,2019-08-28T12:35:36
past,64,133,Male,2746,2020-03-01T17:30:05
health,49,148,Female,1299,2020-05-06T19:48:19
cabbage,34,166,Female,3159,2019-03-23T08:35:41
acceptable,36,190,Male,903,2019-11-21T22:27:26
earthy,49,189,Male,2808,2018-09-27T03:17:06
match,51,195,Male,2012,2018-11-30T08:01:43
kind,62,195,Male,1686,2020-06-19T07:48:41
van,45,153,Male,817,2020-07-07T10:39:12
print,25,179,Female,2144,2019-06-08T16:33:51
bitter,65,165,Male,4127,2019-06-06T05:47:56
colorful,38,168,Female,2310,2020-07-15T03:55:51
slimy,43,140,Female,2638,2020-03-31T19:32:49
blot,47,134,Female,4071,2019-01-04T23:25:33
rustic,52,147,Female,3006,2020-07-06T03:27:13
creepy,39,178,Female,2957,2018-11-14T13:30:27
towering,27,183,Male,1876,2020-04-21T05:02:26
crooked,62,200,Female,3766,2019-07-24T16:37:30
cake,62,179,Female,2618,2018-10-06T02:17:30
zealous,41,149,Male,2625,2019-11-09T05:19:20
stamp,28,140,Male,2054,2020-01-08T18:50:19
better,49,157,Male,4158,2019-05-25T18:51:56
breezy,19,148,Female,4947,2018-08-23T14:24:35
exciting,51,193,Male,2948,2019-12-04T13:07:53
meek,20,188,Female,2823,2020-07-18T14:10:12
cobweb,42,164,Female,1297,2020-04-20T05:49:22
twig,44,175,Female,723,2018-07-27T23:11:48
unkempt,43,153,Female,4616,2018-11-19T10:05:20
narrow,41,177,Female,4070,2018-07-28T18:47:05
ocean,54,171,Male,4771,2019-03-17T08:38:20
chess,30,185,Female,3019,2019-02-21T15:53:47
flat,34,148,Female,3367,2019-03-26T16:11:43
man,55,165,Male,971,2018-12-04T20:34:04
attach,61,150,Male,3189,2018-10-04T01:51:38
taste,22,151,Female,3783,2020-03-16T12:10:26
muscle,53,157,Male,3269,2020-03-26T14:05:29
precious,61,139,Female,4710,2020-04-18T00:56:17
sack,37,193,Female,1816,2020-04-17T17:53:24
cultured,36,168,Female,4806,2019-12-16T22:31:53
level,42,182,Female,985,2020-02-16T19:24:51
stream,62,180,Female,4827,2019-04-11T22:33:16
mix,61,161,Male,3817,2020-03-13T08:35:28
quicksand,21,136,Female,4646,2019-01-18T15:49:05
meal,45,144,Female,1788,2018-08-25T11:58:59
salty,45,151,Male,1378,2019-09-09T08:13:51
scrawny,56,152,Male,4714,2020-01-18T02:33:10
program,38,162,Male,1696,2018-08-08T14:22:21
curve,45,179,Female,2911,2018-09-26T11:20:00
milky,42,150,Male,1616,2018-08-21T02:48:34
detail,21,140,Female,3127,2019-07-01T00:54:21
grate,35,192,Female,4932,2019-05-07T05:39:23
wing,26,150,Female,333,2019-07-13T21:24:19
present,22,189,Female,946,2019-01-24T19:00:29
sordid,29,185,Female,4012,2020-01-07T18:59:25
obey,39,144,Male,3880,2019-02-12T07:29:24
mute,54,134,Female,4405,2020-05-26T08:36:21
cumbersome,64,153,Female,629,2019-05-31T11:26:52
perfect,26,188,Male,4935,2020-06-14T15:28:37
apparel,28,144,Male,502,2018-09-01T10:08:44
soggy,24,155,Female,2575,2018-12-07T01:13:28
week,25,156,Male,4632,2019-06-04T00:54:29
auspicious,28,182,Female,3205,2019-01-15T13:33:21
lettuce,39,159,Female,1291,2020-05-30T08:38:18
joke,48,143,Female,1376,2019-08-20T09:37:13
planes,63,141,Female,2466,2020-03-19T17:15:23
drawer,39,146,Female,1338,2018-10-09T07:05:29
cars,42,134,Male,634,2020-07-11T15:25:48
wakeful,61,174,Female,2522,2020-01-28T02:01:00
arrest,32,186,Female,2309,2020-06-26T16:53:12
petite,42,140,Male,724,2019-02-25T20:07:41
encourage,54,162,Male,3146,2018-08-28T00:26:08
ancient,56,160,Male,420,2019-11-17T19:26:51
tank,32,166,Male,4564,2019-08-25T14:36:08
wiggly,64,180,Male,2211,2020-03-07T03:08:18
sea,32,198,Male,4379,2019-10-13T08:37:00
rod,22,154,Male,1754,2019-07-20T16:46:37
stage,25,157,Male,765,2020-03-19T15:50:00
unequal,39,149,Male,1475,2019-06-15T07:46:02
channel,47,180,Female,646,2018-12-15T05:25:45
dress,65,163,Male,4147,2020-06-28T08:23:05
large,56,170,Female,1682,2020-06-29T16:06:22
outrageous,61,188,Female,1262,2019-03-17T11:52:04
trite,47,179,Female,2925,2018-08-18T11:56:56
worry,49,164,Female,1365,2019-09-29T14:45:27
rice,38,186,Female,4371,2019-05-10T15:52:32
tiger,18,171,Male,3090,2019-11-29T05:53:51
frequent,46,166,Female,2366,2020-02-01T16:38:52
stereotyped,26,189,Male,4298,2020-04-28T23:06:51
gaudy,35,196,Female,3576,2019-01-06T13:47:04
plain,33,176,Female,2459,2019-12-21T11:51:33
thunder,23,167,Female,3833,2019-02-13T09:13:44
change,36,136,Female,1442,2019-02-16T23:53:18
hesitant,28,167,Male,2713,2018-09-16T14:26:33
parsimonious,30,163,Female,2129,2019-01-27T19:08:03
support,21,189,Male,3488,2020-05-07T17:14:18
question,33,197,Female,4433,2018-09-09T05:20:13
cemetery,65,198,Female,3542,2018-12-26T20:19:54
roomy,39,187,Female,437,2019-11-06T09:29:28
button,53,148,Female,4663,2019-05-07T22:52:06
slope,60,168,Female,598,2020-02-17T13:56:19
ducks,63,191,Male,2565,2019-06-07T11:16:14
tray,64,133,Female,574,2020-01-18T17:06:54
birthday,41,148,Female,4880,2018-10-08T16:30:26
learn,27,166,Male,4644,2019-10-24T02:34:33
stale,41,190,Female,1940,2019-09-21T13:43:09
wall,36,189,Male,4781,2019-08-24T09:55:10
spoil,47,195,Female,2283,2019-02-04T17:57:47
cakes,19,195,Female,3534,2019-07-20T03:41:26
enchanted,32,153,Female,2430,2020-01-17T07:16:16
mind,42,179,Female,1203,2019-09-04T04:57:53
foregoing,36,165,Female,4315,2019-04-23T07:37:03
omniscient,20,168,Male,4038,2018-08-30T01:03:25
lunch,28,140,Female,3433,2019-06-05T19:53:03
impress,18,134,Female,695,2018-12-18T08:45:25
believe,47,147,Male,4016,2019-09-08T19:50:16
drunk,59,178,Female,2810,2018-10-08T13:15:47
unsightly,60,183,Female,3222,2018-12-26T07:27:08
tug,63,200,Female,1573,2020-02-03T21:28:20
abject,33,179,Female,3495,2020-03-28T00:18:25
glove,60,149,Female,2382,2018-12-12T07:57:29
pig,41,140,Male,2895,2019-04-06T21:22:31
tense,29,157,Female,3253,2020-05-22T21:52:37
noisy,24,148,Female,3137,2019-09-14T01:18:44
fail,28,193,Male,995,2019-06-24T19:05:43
fantastic,34,188,Male,1596,2018-12-08T21:35:29
touch,34,164,Male,4448,2018-09-10T07:40:39
dam,64,175,Male,307,2019-05-17T13:06:51
punch,34,153,Female,3517,2020-05-21T07:34:37
ground,50,177,Male,3937,2018-12-13T00:20:14
nappy,27,171,Female,3639,2019-06-19T17:38:32
crown,27,185,Female,1613,2019-01-14T17:55:03
different,39,148,Female,1081,2020-06-20T19:36:05
nonchalant,36,165,Female,1467,2020-07-06T11:11:01
baseball,51,150,Female,848,2018-12-10T20:36:03
guitar,62,151,Male,1124,2020-01-13T17:12:02
rare,45,157,Female,1460,2019-01-25T11:23:20
current,21,139,Female,3079,2019-06-14T13:26:11
fanatical,43,193,Male,611,2020-01-04T00:54:40
remarkable,44,168,Male,989,2020-01-16T21:07:23
show,47,182,Male,988,2018-11-13T12:31:04
raise,59,180,Male,1333,2019-03-15T14:14:03
request,61,161,Male,841,2019-11-14T03:38:15
drip,51,136,Male,4359,2019-10-15T01:46:21
curious,46,144,Female,965,2019-08-10T15:12:42
abandoned,18,151,Male,4917,2020-05-30T03:36:02
beef,51,152,Female,3593,2019-11-13T20:06:15
hungry,57,162,Female,2723,2019-03-29T00:52:12
shut,23,179,Female,868,2019-09-25T10:09:44
shelter,44,150,Female,2962,2019-06-10T17:14:10
quince,39,140,Female,3263,2019-03-12T21:23:24
art,61,192,Male,2515,2020-06-24T13:33:11
jobless,53,150,Female,3784,2018-09-15T11:07:18
sink,23,189,Female,4029,2019-03-25T02:26:47
guess,52,185,Male,4579,2020-03-26T12:03:50
extend,49,144,Male,2534,2018-07-31T06:07:45
puzzling,50,134,Male,3468,2018-08-15T11:23:32
remind,26,153,Male,4076,2018-08-21T11:16:16
incandescent,46,188,Male,3009,2019-10-30T00:15:18
tangy,47,144,Male,3167,2018-10-21T19:42:33
expensive,61,155,Female,4456,2020-02-23T01:28:28
salt,19,156,Male,3454,2018-10-21T23:46:53
tiny,62,182,Female,4035,2018-10-27T00:09:46
paint,51,159,Female,2732,2019-12-03T12:57:01
crook,18,143,Female,2335,2019-03-12T23:38:42
cluttered,45,141,Female,1425,2019-03-16T01:01:47
pollution,23,146,Female,3450,2019-02-09T10:53:35
idea,40,134,Male,3072,2018-10-18T19:34:08
tight,52,174,Female,659,2018-09-30T00:11:44
sleet,63,186,Female,390,2018-08-17T13:30:55
star,19,140,Female,1535,2019-09-11T18:04:38
able,63,162,Male,3537,2018-10-26T11:02:27
merciful,30,160,Female,4027,2019-11-11T19:53:00
scream,59,166,Female,696,2019-02-14T11:23:21
filthy,58,180,Female,4817,2019-06-29T13:15:37
abhorrent,38,198,Female,4560,2018-07-31T12:16:38
excite,36,154,Female,3312,2019-06-14T21:04:57
wrestle,51,157,Male,375,2018-10-03T07:23:43
splendid,18,149,Female,3807,2019-01-08T05:19:00
wobble,61,180,Female,3024,2018-12-08T10:51:16
gold,51,163,Male,3295,2019-04-30T02:11:50
tease,57,170,Male,486,2018-09-01T00:56:48
normal,38,188,Female,764,2019-06-30T11:13:31
kiss,56,179,Male,2060,2019-08-03T17:51:41
scare,34,164,Female,4106,2020-04-15T22:22:37
allow,29,186,Female,5000,2019-11-18T20:17:22
irritating,58,171,Female,4656,2019-02-27T02:54:54
proud,45,166,Female,424,2020-04-27T17:30:33
lake,57,189,Female,3821,2020-04-27T15:04:24
uttermost,40,196,Male,3491,2019-08-19T12:02:29
soothe,59,176,Female,4866,2019-02-11T20:56:30
creature,53,167,Female,2357,2018-09-30T17:20:31
nifty,33,136,Male,889,2018-10-06T02:57:29
grain,65,167,Male,2189,2020-05-12T14:54:12
mean,22,163,Female,2607,2020-02-02T01:45:00
eggnog,58,189,Male,1666,2019-02-14T03:38:42
snow,42,197,Female,2200,2019-11-12T21:20:39
class,54,198,Female,3640,2020-02-07T01:40:53
float,25,187,Female,312,2018-08-01T04:04:27
bath,61,148,Female,2387,2019-09-04T15:49:02
notebook,39,168,Female,4608,2018-12-14T22:31:33
juicy,20,191,Male,2342,2020-05-20T08:38:47
encouraging,47,133,Female,1886,2020-06-11T03:31:16
screw,28,148,Female,3130,2018-12-28T09:13:52
difficult,56,166,Male,1778,2019-04-18T06:30:15
gleaming,49,190,Female,1612,2019-10-20T02:02:32
voice,36,189,Female,2179,2019-03-11T01:05:14
fill,21,195,Female,4483,2018-11-29T11:51:58
basin,31,195,Female,3421,2019-07-03T16:23:46
land,36,153,Female,4927,2018-08-16T02:34:44
tired,52,179,Male,2149,2020-07-10T13:01:06
thoughtless,34,165,Female,4547,2020-03-09T18:10:11
ultra,41,168,Female,456,2019-12-24T12:16:20
scrub,48,140,Female,2202,2018-10-07T17:08:28
finger,42,134,Female,2104,2019-02-21T04:48:27
alluring,38,147,Female,2080,2020-06-06T06:51:56
dizzy,30,178,Female,2381,2019-01-02T08:05:49
alleged,24,183,Female,3358,2020-01-10T21:46:32
lock,43,200,Male,583,2019-08-13T12:00:26
forgetful,29,179,Female,4705,2018-09-22T02:44:05
full,26,149,Female,2444,2020-05-21T16:34:12
married,60,140,Male,3994,2020-07-14T15:41:54
stop,21,157,Male,1761,2020-01-21T13:16:15
depend,35,148,Female,2591,2018-10-24T21:51:11
birth,20,193,Male,1845,2018-07-28T11:02:36
parallel,36,188,Female,2121,2019-11-25T14:36:03
kindly,27,164,Female,320,2019-12-09T00:37:49
border,49,175,Female,3291,2019-06-01T14:21:10
remember,57,153,Female,4829,2018-10-12T02:39:13
fuzzy,34,177,Female,2285,2019-12-01T04:39:00
realise,64,171,Male,2964,2020-02-04T03:15:14
short,39,185,Female,1548,2018-08-30T09:10:37
plantation,25,148,Female,3769,2019-04-26T06:20:12
classy,20,165,Male,3908,2019-09-25T20:48:29
minor,21,150,Female,684,2019-09-26T14:07:35
flood,58,151,Female,1406,2018-09-14T15:48:37
utter,39,157,Female,4000,2019-05-08T12:55:17
rabbits,56,139,Female,4618,2018-09-26T04:33:24
compare,31,193,Female,726,2019-04-10T16:54:16
sick,28,168,Female,3056,2020-07-03T20:22:55
relieved,53,182,Male,721,2018-09-12T00:51:15
uneven,41,180,Female,3802,2018-07-29T16:03:59
gamy,32,161,Female,4171,2019-03-01T23:08:14
statuesque,32,136,Female,4336,2019-03-24T13:56:11
delight,27,144,Female,4888,2019-04-04T04:26:02
neat,35,151,Female,2884,2018-08-26T23:57:22
legal,18,152,Male,2264,2019-07-18T04:58:16
one,58,162,Female,1642,2019-02-04T05:03:09
reflect,52,179,Male,3339,2019-10-17T06:53:56
act,19,150,Female,3722,2019-10-13T09:34:46
feeling,65,140,Female,2102,2020-03-01T02:47:44
abrupt,48,192,Female,966,2020-07-18T18:38:54
yawn,41,150,Female,1828,2019-09-10T15:11:33
violet,64,189,Female,1995,2019-04-16T14:58:18
railway,23,185,Male,4748,2020-04-21T04:39:59
alert,19,144,Female,1594,2018-08-16T02:18:20
secretary,51,134,Male,2420,2020-02-11T15:01:13
deep,53,153,Female,2972,2020-05-25T09:39:33
sneaky,30,188,Female,1746,2019-04-01T14:45:31
white,49,144,Female,1459,2018-09-14T11:13:23
great,45,155,Female,4146,2020-05-20T23:43:04
sail,26,156,Female,3023,2018-12-05T00:32:34
visitor,30,182,Male,4285,2020-05-09T21:17:02
absorbed,37,159,Female,3017,2018-10-19T16:58:57
marble,39,143,Female,4572,2020-06-02T22:20:19
leg,19,141,Male,1896,2018-12-05T08:54:08
front,25,146,Male,1740,2019-05-31T06:12:31
flow,32,134,Male,2951,2019-01-04T11:26:27
carve,25,174,Male,2236,2019-07-01T06:18:56
thinkable,20,186,Male,3061,2020-05-26T22:12:34
zoom,44,140,Male,4063,2018-12-11T21:01:54
grandiose,42,162,Male,407,2018-12-03T04:27:22
purple,48,160,Female,3837,2018-11-02T09:14:10
thing,60,166,Male,1332,2020-01-13T06:27:12
mend,20,180,Female,1603,2019-11-30T11:13:23
spade,62,198,Female,4263,2020-01-22T10:01:19
hospital,58,154,Female,4089,2019-08-08T17:41:46
duck,28,157,Female,3601,2020-02-24T14:16:03
meeting,54,149,Female,4344,2018-12-18T14:56:53
eye,48,180,Male,776,2020-02-01T23:41:46
rejoice,56,163,Female,2292,2020-02-17T22:16:08
neck,63,170,Female,2190,2019-08-10T00:13:57
savory,56,188,Female,2959,2019-05-24T14:49:01
daughter,40,179,Male,815,2020-06-12T23:47:15
numberless,54,164,Female,4486,2020-05-14T21:02:04
freezing,44,186,Female,756,2018-11-17T11:15:54
food,57,171,Female,2670,2018-10-02T20:28:37
tire,47,166,Female,807,2019-11-28T20:39:52
six,49,189,Female,1368,2019-11-23T14:49:09
best,65,196,Female,1192,2019-01-28T18:25:36
broken,56,176,Male,1744,2019-02-06T22:38:55
dry,40,167,Female,639,2019-06-20T08:01:28
lip,20,136,Female,2278,2019-12-07T16:51:01
momentous,49,167,Female,2351,2020-01-25T02:11:39
furtive,33,163,Female,3691,2019-10-12T22:59:29
homely,42,189,Female,4700,2019-08-10T01:45:34
correct,53,197,Male,2331,2018-10-24T07:27:34
ill,53,198,Female,947,2019-05-11T09:05:24
lopsided,63,187,Female,3858,2019-05-13T23:04:39
screeching,54,148,Female,3982,2020-04-14T01:50:45
acidic,49,168,Male,4484,2020-06-07T08:46:10
brainy,61,191,Female,3066,2019-09-29T12:21:13
needless,56,133,Female,2879,2020-04-08T13:34:20
makeshift,51,148,Female,396,2020-03-02T21:01:28
powerful,42,166,Female,681,2018-08-26T09:26:24
guttural,50,190,Female,3170,2020-04-19T04:03:58
dark,46,189,Male,882,2018-09-17T09:58:47
drab,59,195,Female,3611,2020-04-25T07:12:11
rain,44,195,Female,1905,2019-05-30T00:07:55
long,58,153,Male,2479,2019-10-12T14:25:12
careless,38,179,Male,3027,2018-11-27T05:59:13
applaud,65,165,Female,2947,2019-07-01T20:55:24
brick,23,168,Male,4468,2019-01-20T17:40:58
known,50,140,Female,4244,2018-12-10T18:32:59
steep,51,134,Female,2542,2020-06-04T17:32:12
self,24,147,Female,3711,2018-09-01T14:10:26
spiteful,53,178,Female,4597,2018-11-11T11:03:11
identify,49,183,Female,709,2019-03-14T05:59:03
cable,34,200,Female,2119,2020-04-01T19:15:22
inform,30,179,Male,2985,2019-12-07T14:54:16
hug,64,149,Female,4176,2018-11-19T00:01:40
reward,48,140,Female,4406,2019-05-28T07:23:31
pointless,52,157,Female,4755,2019-06-07T01:36:03
command,37,148,Female,4736,2019-08-17T12:25:49
door,30,193,Female,3234,2018-10-01T17:46:57
group,29,188,Male,4025,2020-05-31T16:23:53
whole,33,164,Female,4118,2019-12-26T10:21:14
FALSE,46,175,Female,3912,2019-08-08T02:12:28
youthful,22,153,Male,4269,2019-01-19T03:15:24
hurry,57,177,Female,2806,2019-12-22T17:01:01
slim,41,171,Male,3456,2020-07-02T02:37:35
stroke,37,185,Female,1348,2019-02-12T05:53:56
fool,25,148,Female,1265,2019-11-27T23:31:55
common,30,165,Female,4330,2019-01-28T01:16:10
discover,49,150,Female,1465,2020-06-30T12:59:35
lick,25,151,Female,872,2019-03-16T12:37:08
stupendous,60,157,Male,4105,2019-06-27T12:49:33
plot,50,139,Female,689,2019-12-30T14:37:37
languid,27,193,Female,2010,2018-10-06T05:58:23
upset,21,168,Female,2621,2020-04-18T01:30:59
toad,60,182,Male,3264,2019-04-10T08:04:54
inquisitive,63,180,Female,3401,2019-08-17T01:26:35
mushy,60,161,Female,2132,2019-09-07T07:27:46
pan,25,136,Female,4307,2019-08-12T05:46:44
grass,18,144,Female,4814,2019-01-30T21:34:49
many,49,151,Female,4168,2019-04-08T23:03:15
childlike,24,152,Male,628,2018-12-07T20:38:53